cookTime;datePublished;image;url;ingredients;description;recipeYield;name;prepTime;status;
PT10M;2012-05-31;http://static.thepioneerwoman.com/cooking/files/2012/05/enchilada.jpg;http://thepioneerwoman.com/cooking/2012/05/easy-green-chile-enchiladas/;1 whole Onion, Diced 2 Tablespoons Butter 1 can (15 Ounce) Green Enchilada Sauce 2 cans (4 Ounce) Chopped Green Chilies 12 whole Corn Tortillas 2 cups Freshly Grated Cheddar (or Cheddar-jack) Cheese (or Any Cheese You'd Like)  Sour Cream  Salsa  Pico De Gallo (optional)  Guacamole (optional)  Cilantro Leaves, Optional;When I was in Albuquerque with Marlboro Man and the boys a month ago, I had a really fun book signing. Such incredibly nice a...;4;Easy Green Chile Enchiladas;PT5M;Easy;
PT20M;2012-01-19;http://static.thepioneerwoman.com/cooking/files/2012/01/scallops.jpg;http://thepioneerwoman.com/cooking/2012/01/bacon-wrapped-scallops-with-chili-butter/;2 pounds Large Scallops 1/2 pound Bacon, Cut Into Thirds Or Halves 1 stick Butter 2 teaspoons Chili Powder  Dash Of Cayenne;I made these beautiful, tasty little suckers before Christmas and am only just now recovering from the bliss so I can tell yo...;8;Bacon-Wrapped Scallops with Chili Butter;PT15M;Medium;
PT3H;2012-01-30;http://static.thepioneerwoman.com/cooking/files/2012/01/stewedbeef.jpg;http://thepioneerwoman.com/cooking/2012/01/spicy-stewed-beef-with-creamy-cheddar-grits/;2 Tablespoons Canola Oil 2 Tablespoons Butter 3 pounds Stew Meat Or Diced Chuck Roast 1 can (11 Ounces) Chipotle Peppers In Adobo Sauce 4 cups Low-sodium Beef Broth, More If Needed 5 cloves Minced Garlic 1 Tablespoon Cumin 2 teaspoons Chili Powder 1 whole Onion, Diced 1 whole Red Bell Pepper 3 whole Chilies (any Variety, Hot Or Mild) 4 cups Stone Ground Grits 6 cups Low Sodium Chicken (or Beef) Broth 3 cups Water 2 cups Half-and-half 2 cups Grated Cheddar Cheese;My oh my, was this good. Ultra spicy, seriously tender stewed meat served over unbelievably creamy cheese grits. The spicines...;12;Spicy Stewed Beef with Creamy Cheddar Grits;PT20M;Hard;
PT15M;2012-02-22;http://static.thepioneerwoman.com/cooking/files/2012/02/wraps.jpg;http://thepioneerwoman.com/cooking/2012/02/vegetarian-lettuce-wraps/;2 teaspoons Peanut Or Olive Oil 1 package (about 12-14 Oz. Size) Firm Tofu 2 ears Corn (or 1 1/2 Cups Frozen Corn Kernels) 1/4 teaspoon Chili Powder (more To Taste) 1/4 cup Soy Sauce  Romaine Lettuce Hearts 2 whole Avocados, Sliced 1 teaspoon Balsamic Vinegar (optional);Today is Ash Wednesday, the beginning of Lent, and I'd like to share this exceedingly meatless treat with you that I've been ...;6;Vegetarian Lettuce Wraps;PT5M;Easy;
PT20M;2010-04-08;http://static.thepioneerwoman.com/cooking/files/2012/03/scone.jpg;http://thepioneerwoman.com/cooking/2012/03/petite-vanilla-scones/; SCONES 3 cups All-purpose Flour 2/3 cups Sugar 5 teaspoons Baking Powder 1/4 teaspoon Salt 2 sticks (1/2 Pound) UNSALTED Butter, Chilled 1 whole Large Egg 3/4 cups Heavy Cream (more If Needed) 2 whole Vanilla Beans  GLAZE 5 cups Powdered Sugar, Sifted 1/2 cup Whole Milk, More If Needed For Thinning 1 whole Vanilla Bean  Dash Of Salt;On today's episode of the Food Network show, I have a breakfast theme going on. One of the things I decided to make were thes...;12;Petite Vanilla Scones;PT20M;Medium;
PT5M;2012-05-17;http://static.thepioneerwoman.com/cooking/files/2012/05/bushs41.jpg;http://thepioneerwoman.com/cooking/2012/05/grillin-recipe-contest-winners/;4 whole Ribeye, Hanger, Flat Iron, Or Strip Steaks 1/2 teaspoon Ground Nutmeg 1/2 teaspoon Ground Cumin 1 teaspoon Ground Cinnamon 1 teaspoon Ground Ginger 2 Tablespoons Chili Powder 1/2 teaspoon Ground Turmeric 2 Tablespoons Garlic Salt 1 cup Olive Oil 2 cans Bush's Grillin Beans Steakhouse Recipe;Before I share my fourth and final grilling recipe, I’m busting at the seams to announce the winners of the Bush’s Grilli...;4;Grillin’ Recipe Contest Winners!;PT10M;Easy;
PT4H;2011-08-04;http://static.thepioneerwoman.com/cooking/files/2011/08/6005198000_e154cac62e_o.jpg;http://thepioneerwoman.com/cooking/2011/08/spicy-beans/;4 cups Dry Pinto Beans 1 whole Ham Hock 1 whole Onion, Diced 2 whole Red Bell Peppers, Diced 4 cloves Garlic, Minced 2 whole Jalapenos, Sliced 2 teaspoons Salt, More To Taste 2 teaspoons Chili Powder (optional) 2 teaspoons Black Pepper, More To Taste;My name is Pioneer Woman and I love beans.     Hi, Pioneer Woman.     Sorry. It's true, though. A big pot of brown beans simm...;12;Spicy Beans;PT5M;Hard;
PT1H;2011-09-26;http://static.thepioneerwoman.com/cooking/files/2011/09/TPW_1850.jpg;http://thepioneerwoman.com/cooking/2011/09/frito-chili-pie/;2 pounds Ground Chuck 3 cloves Garlic, Minced (optional) 1 can (12 To 14 Ounce) Tomato Sauce 1 can (10 Ounce) Ro-tel (diced Tomatoes And Chilies) 1/2 teaspoon Salt 1 teaspoon Ground Oregano 1 Tablespoon Ground Cumin 2 Tablespoons Chili Powder (more To Taste) 1 can (14-ounce) Kidney Beans, Drained And Rinsed 1 can (14-ounce) Pinto Beans, Drained And Rinsed 1/4 cup Masa (corn Flour) Or Regular Corn Meal 1/2 cup Warm Water  Individual Bags Of Fritos  Grated Sharp Cheddar Cheese  Diced Red Onion (Optional);We're submerged in football right now. There's no other way to put it. Marlboro Man is coaching my two boys' football team, M...;8;Frito Chili Pie;PT5M;Hard;
PT30M;2011-10-17;http://static.thepioneerwoman.com/cooking/files/2011/10/caveman.jpg;http://thepioneerwoman.com/cooking/2011/10/caveman-pops-aka-roasted-turkey-legs/;10 whole Turkey Legs  BRINE: 4 quarts Water 1 cup Kosher Salt 1 cup Sugar 1 cup Brown Sugar 2 Tablespoons Seasoning Blend (I Used Montreal) 1 whole Bay Leaf  Dry Rub 2 Tablespoons Chili Powder (less If You Don't Like Things Too Spicy!) 2 teaspoons Seasoning Blend (I Used Montreal) 2 teaspoons Paprika 2 teaspoons Onion Salt;While a few state fairs are happening right now, the one in my state (as is the case with many others) has drawn to a close. ...;10;Caveman Pops (aka Roasted Turkey Legs);PT6H;Hard;
PT15M;2011-03-30;http://static.thepioneerwoman.com/cooking/files/2011/03/5572969276_8f4385a0e2_o.jpg;http://thepioneerwoman.com/cooking/2011/03/beef-with-peppers/;1-1/2 pound Flank Steak, Sliced Very Thin Against The Grain 1/2 cup Low Sodium Soy Sauce 3 Tablespoons Sherry 2 Tablespoons Packed Brown Sugar 2 Tablespoons Cornstarch 1 Tablespoon Minced Fresh Ginger 2 cloves Garlic, Minced 1 teaspoon Red Chile Paste (or A Few Dashes Red Chile Oil) 2 Tablespoons Canola Oil 1 whole Medium Yellow Onion, Sliced 2 whole Red Bell Peppers, Cored And Sliced Into Rings 1 Tablespoon Diced Fresh Jalapeno (or 1 Teaspoon Dice Hot Pepper)  Red Pepper Flakes, For Sprinkling  Cilantro Leaves;I could eat beef stir fry every day of the week. I had a major hankering for it last night, and decided to throw together a v...;8;Beef with Peppers;PT15M;Easy;
PT10M;2011-05-12;http://static.thepioneerwoman.com/cooking/files/2011/05/5712043212_092a8fe85d_o.jpg;http://thepioneerwoman.com/cooking/2011/05/beef-noodle-salad-bowls/;1 whole Sirloin Steak, 3/4 To 1 Pound  Kosher Salt To Taste 3/4 cups Ponzo Or Regular Soy Sauce 3 Tablespoons Pure Sesame Oil 2 Tablespoons Olive Oil 2 Tablespoons Rice Wine Vinegar 1 teaspoon Hot Chili Oil (less If You Can't Handle Heat!) 2 cloves Garlic, Peeled And Minced Finely 2 teaspoons Minced Fresh Ginger 2 Tablespoons Packed Brown Sugar 1/2 cup Sliced Green Onion 8 ounces, weight Thin Noodles (I Used Thin Spaghetti)  Cilantro Leaves;At the salad supper I attended a couple of weeks ago--the one that gave birth to this chicken salad I made recently--four sal...;4;Beef Noodle Salad Bowls;PT10M;Easy;
PT11M;2010-07-12;http://static.thepioneerwoman.com/cooking/files/2010/07/4784959605_c5713e9e4b_b.jpg;http://thepioneerwoman.com/cooking/2010/07/brown-hot-and-plenty-of-it-vol-i/;2 pounds Ground Beef 1/2 whole Medium Onion 1 can (7 Ounce) Mexican Tomato Sauce Or Enchilada Sauce  Salt And Pepper, to taste  Cumin, Oregano, Chili Powder, Garlic To Taste 1 can (28 Ounce) Refried Beans 3/4 cups Grated Cheddar Cheese 12 whole Burrito-sized Flour Tortillas  Extra Grated Cheese, For Sprinkling  Extra Sauce, For Drizzling  Cilantro Leaves, Optional  Optional Filling Ingredients: Mexican Rice, Sour Cream, Guacamole, Green Chilies, Pico De Gallo;First, an important clarification: The Pioneer Woman Cooks is not meant to be an encyclopedia of innovative gourmet recipes. ...;6;Beef and Bean Burritos;PT5M;Easy;
PT1H30M;2011-01-10;http://static.thepioneerwoman.com/cooking/files/2011/01/5337400468_d5892f3a03_o.jpg;http://thepioneerwoman.com/cooking/2011/01/chicken-tortilla-soup/;2 whole Boneless, Skinless Chicken Breasts 1 Tablespoon Olive Oil 1-1/2 teaspoon Cumin 1 teaspoon Chili Powder 1/2 teaspoon Garlic Powder 1/2 teaspoon Salt 1 Tablespoon Olive Oil 1 cup Diced Onion 1/4 cup Diced Green Bell Pepper 1/4 cup Red Bell Pepper 3 cloves Garlic, Minced 1 can (10 Oz. Can) Rotel Tomatoes And Green Chilies 32 ounces, fluid Low Sodium Chicken Stock 3 Tablespoons Tomato Paste 4 cups Hot Water 2 cans (15 Oz. Can) Black Beans, Drained 3 Tablespoons Cornmeal Or Masa 5 whole Corn Tortillas, Cut Into Uniform Strips Around 2 To 3 Inches  _____  FOR THE GARNISHES:  Sour Cream  Diced Avocado  Diced Red Onion  Salsa Or Pico De Gallo  Grated Monterey Jack Cheese  Cilantro;I love, love, love, love Chicken Tortilla Soup. So over the weekend, I made some.     The end.     Wasn't that a beautiful st...;8;Chicken Tortilla Soup;PT10M;Hard;
PT30M;2011-03-31;http://static.thepioneerwoman.com/cooking/files/2011/03/tacos.jpg;http://thepioneerwoman.com/cooking/2011/03/my-brothers-chicken-tacos/;16 whole Corn Tortillas (small Size) 4 whole Boneless, Skinless Chicken Breasts, Cut Into Pieces  Salt, Cumin, Chili Powder To Taste (or Use Taco Seasoning) 2 Tablespoons Canola Oil 2 cans (4 Ounce) Diced Green Chilies 1-1/2 cup Finely Grated Cheese (cheddar Or Cheddar/jack Mix)  Sour Cream  Hot Sauce (Chulula Or Other Brand) 2 cups Thinly Sliced Romaine Lettuce (or Any Lettuce) 4 whole Roma Tomatoes, Diced  Canola Oil, For Frying Tacos;Before I share this recipe with you, let me warn you: it's a royal mess. But as is the case with many messy dishes (cinnamon ...;8;My Brother’s Chicken Tacos;PT10M;Medium;
PT10M;2010-08-13;http://static.thepioneerwoman.com/cooking/files/2010/08/3949394720_c854047191_o1.jpg;http://thepioneerwoman.com/cooking/2010/08/simple-sesame-noodles/;12 ounces, fluid Thin Noodles, Cooked And Drained 1/4 cup Soy Sauce 2 Tablespoons Sugar 4 cloves Garlic, Minced 2 Tablespoons Rice Vinegar 3 Tablespoons Pure Sesame Oil 1/2 teaspoon Hot Chili Oil 4 Tablespoons Canola Oil 4 whole Green Onions, Sliced Thin;  I'll be spending the weekend cooking some new recipes and making such a mess of my kitchen I'll want to cry and burn down t...;8;Simple Sesame Noodles;PT10M;Easy;
PT20M;2010-10-08;http://static.thepioneerwoman.com/cooking/files/2010/10/chowder.jpg;http://thepioneerwoman.com/cooking/2010/10/corn-chowder-with-chilies/;2 slices Bacon, Cut Into 1/2-inch Pieces (or Smaller) 2 Tablespoons Butter 1-1/2 whole Yellow Onion, Diced 5 ears Corn, Shucked (about 4 Cups) 2 whole Chipotle Peppers In Adobo Sauce, Finely Diced 1 whole 4-ounce Can Diced Green Chilies 32 ounces, fluid Low Sodium Chicken Broth 1-1/2 cup Heavy Whipping Cream 1/2 teaspoon Kosher Salt (more To Taste) 3 Tablespoons Corn Meal OR Masa 1/4 cup Water;This is to die for.     It's just a regular corn chowder made with fresh corn shaved off the cob, which is yummy enough as it...;8;Corn Chowder with Chilies;PT10M;Easy;
PT45M;2010-10-14;http://static.thepioneerwoman.com/cooking/files/2010/10/5079611293_ff628b6e0c_z.jpg;http://thepioneerwoman.com/cooking/2010/10/creamy-cheese-grits-with-chilies/;4-1/2 cups Water 1/2 teaspoon Salt 1 cup Grits (quick Or Regular) 1/2 can (10 Ounce Can) Rotel (tomatoes And Chilies) 1 can (4 Ounce Can) Chopped Green Chilies 8 ounces, weight Monterey Jack Cheese, Grated 4 ounces, weight Cream Cheese, Cut Into Cubes 1/4 teaspoon Cayenne Pepper 1/4 teaspoon Paprika  Black Pepper To Taste 1 whole Egg Beaten;I have a good, basic recipe for cheese grits in my cookbook, but last night I was feeling feisty.     I was cooking steaks. B...;8;Creamy Cheese Grits with Chilies;PT5M;Medium;
PT20M;2010-10-20;http://static.thepioneerwoman.com/cooking/files/2010/10/5095710774_9a8833d919_z.jpg;http://thepioneerwoman.com/cooking/2010/10/big-steak-salad/;2 whole Rib-eye Or Strip Steaks, Extra Fat Trimmed  _____  FOR THE DRESSING/MARINADE: 3/4 cups Canola Oil 3 Tablespoons Red Wine Vinegar 1 Tablespoon Balsamic Vinegar 1 Tablespoon Worcestershire Sauce 2 Tablespoons Soy Sauce 1 teaspoon (additional) Soy Sauce 2 Tablespoons Lime Juice 2 Tablespoons Sugar 3 cloves Garlic, Peeled 1 Tablespoon Minced Fresh Ginger 1/2 teaspoon Hot Chili Oil 1 teaspoon Kosher Salt  Lots Of Freshly Ground Black Pepper  _____  FOR THE ONION STRINGS: 2 whole Onions, Sliced As Thin As Possible 2 cups Buttermilk 2 cups Flour 1 Tablespoon Salt 1/2 teaspoon Cayenne Pepper 1 quart Canola Oil  Black Pepper To Taste  _____  FOR THE CANDIED PECAN BITS: 1/2 cup Pecans, Chopped 1 cup Sugar 2 Tablespoons Water  _____  FOR THE SALAD:  Lettuce Mix: Romaine, Arugula, Watercress, Raddiccio, Etc.  Small Grape Tomatoes 3/4 cups Crumbled Blue Cheese;There are few things I love more than a big green salad with sliced grilled steak on top. Whenever Marlboro Man and I land at...;4;Big Steak Salad;PT1M;Easy;
PT20M;2013-01-07;http://static.thepioneerwoman.com/cooking/files/2013/01/squashkale.jpg;http://thepioneerwoman.com/cooking/2013/01/butternut-squash-kale-quesadillas/;1/2 whole Butternut Squash, Peeled, Seeded, And Diced. 2 Tablespoons Butter 1 Tablespoon Olive Oil 1/2 teaspoon Kosher Salt  Black Pepper To Taste 1/4 teaspoon Chili Powder (more To Taste) 1 bunch Kale, Leaves Torn, Stalks Discarded 8 whole Small (fajita Sized) Flour Tortillas  Extra Butter For Frying 2-1/2 cups Monterey Jack Cheese, Grated (more If Needed)  Sour Cream For Serving  Cilantro, For Serving  Pico De Gallo, Salsa, Avocado Slices (optional) For Serving;I am a passionate lover of butternut squash. I've written before about how a spoonful of butternut squash puree (spiked with ...;4;Butternut Squash &amp, Kale Quesadillas;PT15M;Medium;
PT;2010-01-27;http://static.thepioneerwoman.com/cooking/files/2010/07/4307514771_c089bbd7101.jpg;http://thepioneerwoman.com/cooking/2010/01/restaurant-style-salsa/;1 can (28 Ounce) Whole Tomatoes With Juice 2 cans (10 Ounce) Rotel (diced Tomatoes And Green Chilies) 1/4 cup Chopped Onion 1 clove Garlic, Minced 1 whole Jalapeno, Quartered And Sliced Thin 1/4 teaspoon Sugar 1/4 teaspoon Salt 1/4 teaspoon Ground Cumin 1/2 cup Cilantro (more To Taste!) 1/2 whole Lime Juice;Okay. Here's the situation:     I am completely high maintenance when it comes to salsa.     Now, I'm not talking about Pico ...;12;Restaurant Style Salsa;PT10M;Easy;
PT7H;2010-03-30;http://static.thepioneerwoman.com/cooking/files/2010/07/4475462524_0903f9b850.jpg;http://thepioneerwoman.com/cooking/2010/03/passover-brisket-i-think/;1 whole Beef Brisket, Trimmed Of All Fat (5 To 8 Pounds) 1 bottle (24 Ounce) Ketchup Or Chili Sauce (make Sure It's Kosher) 1 package Onion Soup Mix (make Sure It's Kosher);Okay. I think we've more than established that when it comes to correct methods for cooking and serving Passover food, I am n...;8;Passover Brisket;PT10M;Hard;
PT20M;2010-04-08;http://static.thepioneerwoman.com/cooking/files/2010/07/4494690421_8eafa4e525_o.jpg;http://thepioneerwoman.com/cooking/2010/04/petite-vanilla-bean-scones/; SCONES 3 cups All-purpose Flour 2/3 cups Sugar 5 teaspoons Baking Powder 1/4 teaspoon Salt 2 sticks (1/2 Pound) UNSALTED Butter, Chilled 1 whole Large Egg 3/4 cups Heavy Cream (more If Needed) 2 whole Vanilla Beans  GLAZE 5 cups Powdered Sugar, Sifted 1/2 cup Whole Milk, More If Needed For Thinning 1 whole Vanilla Bean  Dash Of Salt;When I went to the big city last week to attempt to get my hair colored Lucille Ball red, I stopped at Starbucks to buy three...;12;Petite Vanilla Bean Scones;PT20M;Medium;
PT20M;2010-04-12;http://static.thepioneerwoman.com/cooking/files/2010/07/4512963320_bba26f6a97_o.jpg;http://thepioneerwoman.com/cooking/2010/04/sloppy-joes/;2 Tablespoons Butter 2-1/2 pounds Ground Beef 1/2 whole Large Onion, Diced 1 whole Large Green Bell Pepper, Diced 5 cloves Garlic, Minced 1-1/2 cup Ketchup 1 cup Water 2 Tablespoons Brown Sugar 2 teaspoons Chili Powder (more To Taste) 1 teaspoon Dry Mustard 1/2 teaspoon Red Pepper Flakes (more To Taste)  Worcestershire Sauce, To Taste 2 Tablespoons Tomato Paste (optional)  Tabasco Sauce (optional, To Taste)  Salt To Taste  Freshly Ground Black Pepper, To Taste  Kaiser Rolls  Butter;I used to be terrified of sloppy joes. It's true. When I was a little girl, I got it in my head that sloppy joes were demons,...;8;Sloppy Joes;PT10M;Easy;
PT1H;2013-01-21;http://static.thepioneerwoman.com/cooking/files/2013/01/risotto.jpg;http://thepioneerwoman.com/cooking/2013/01/butternut-squash-risotto/;1/2 whole Butternut Squash, Peeled, Seeded, And Diced. 3 Tablespoons Butter 1 Tablespoon Olive Oil 1/2 teaspoon Kosher Salt  Black Pepper To Taste 1/4 teaspoon Chili Powder 1/2 whole Diced Onion 1-1/2 cup Arborio Rice 6 cups (approximately) Vegetable Or Chicken Broth (low Sodium)  Salt And Pepper, to taste 1/8 teaspoon Turmeric 1/4 cup Heavy Cream (less If Desired) 1/2 cup Parmesan Shavings (more For Serving)  Finely Minced Parsley, For Serving;A couple of weeks ago, I cooked Butternut Squash &amp, Kale Quesadillas. The same day, because I had hacked into a whole butternu...;8;Butternut Squash Risotto;PT10M;Hard;
PT1H;2009-06-04;http://static.thepioneerwoman.com/cooking/files/2009/06/chicken-tikka-masala.jpg;http://thepioneerwoman.com/cooking/2009/06/chicken-tikka-masala-by-pastor-ryan/;3 whole (to 4) Chicken Breasts  Kosher Salt  Ground Coriander  Cumin, To Taste 1/2 cup Plain Yogurt 6 Tablespoons Butter 1 whole Large Onion 4 cloves Garlic 1 piece (approximately 2 Inches) Chunk Fresh Ginger  Garam Masala 1 can (28 Ounce) Diced Tomatoes  Sugar 1-1/2 cup Heavy Cream 2 cups Basmati Rice  _____  OPTIONAL:  Fresh Cilantro  Chili Peppers  Turmeric  Frozen Peas;Whether you love Chicken Tikka Masala or you've never tried it in your life, you're in for a treat. Ryan comes through once a...;6;Chicken Tikka Masala, by Pastor Ryan;PT30M;Hard;
PT;2009-08-13;http://static.thepioneerwoman.com/cooking/files/2009/08/ree_66701.jpg;http://thepioneerwoman.com/cooking/2009/08/fresh-corn-avocado-salsa/;4 ears Sweet Corn 2 whole Very Firm Avocados, Diced  1/2 Red Onion, Diced  1/2 Jalapeno, Seeded And Finely Diced  1/2 Hot Chili Pepper, Seeded And Finely Diced 1 whole Juice Of Lime  Plenty Of Chopped Cilantro  Salt To Taste 1 Tablespoon Vinegar 1 teaspoon Sugar (optional);I dropped by the Lodge yesterday afternoon and discovered, to both my horror and excitement, that our friend Dave from Indian...;10;Fresh Corn and Avocado Salsa;PT25M;Easy;
PT30M;2009-11-09;http://static.thepioneerwoman.com/cooking/files/2010/07/4060528829_67db52b435.jpg;http://thepioneerwoman.com/cooking/2009/11/white-chicken-enchiladas/;2-1/2 cups Cooked, Shredded Chicken 2 cups Reserved Broth From Chicken 3 Tablespoons Canola Oil 12 whole Corn Tortillas 1 whole Large Onion, Diced 3 whole 4 Oz Cans Whole Green Chilies, Diced 1 whole Jalapeno, Seeded And Finely Diced 1 teaspoon Paprika 1/2 cup Heavy Cream 2 Tablespoons Butter 2 Tablespoons Flour 1 cup Sour Cream 2-1/2 cups Monterey Jack Cheese, Grated  Salt And Pepper, to taste  Picante Sauce (optional)  Cilantro, Chopped;I'm happy to share my method for making creamy, dreamy, delicious, nutritious, yummy, nummy white chicken enchiladas.    They...;6;White Chicken Enchiladas;PT45M;Hard;
PT15M;2009-11-11;http://static.thepioneerwoman.com/cooking/files/2010/07/4021656171_abe77dc608.jpg;http://thepioneerwoman.com/cooking/2009/11/good-ol-basic-mexican-rice/;2 Tablespoons Canola Oil 1/2 whole Large Onion, Chopped 2 cups Long Grain Rice 3 cloves Garlic, Minced 1 can Rotel Diced Green Chilies And Tomatoes (10 Ounce Can) 1 can Whole Tomatoes (14.5 Ounce Can) 2 cups Low Sodium Chicken Broth (more If Needed) 1 teaspoon Cumin (more To Taste) 1 teaspoon Kosher Salt  Fresh Cilantro, Chopped;I serve this rice with my White Chicken Enchiladas and they really are the perfect complement. It's a very basic Mexican rice...;6;Good Ol’ Basic Mexican Rice;PT10M;Easy;
PT45M;2009-11-12;http://static.thepioneerwoman.com/cooking/files/2010/07/4098250665_65310ab692.jpg;http://thepioneerwoman.com/cooking/2009/11/lazy-chiles-rellenos/;8 whole Roasted, Peeled, And Seeded Green Chiles 1-1/2 cup Monterey Jack Cheese, Grated 5 whole Large Eggs 2 cups Whole Milk  Salt And Black Pepper To Taste 1/2 teaspoon Paprika 1/4 teaspoon Cayenne Pepper;This dish ain't fancy.     This dish ain't difficult to make. (Huh. Understatement of the modern era.)    This dish...ain't n...;9;Lazy Chiles Rellenos;PT5M;Medium;
PT2H;2010-01-04;http://static.thepioneerwoman.com/cooking/files/2010/07/4243109382_1a797f44d2.jpg;http://thepioneerwoman.com/cooking/2010/01/simple-hearty-white-chili/;1 whole Fryer Chicken, Cut Up (or 3 Cups Cooked Chicken) 1 whole Medium Onion, Diced 4 cloves Garlic, Minced 2 whole Cans Green Chilies, Chopped 1 pound Dried Great Northern Beans, Rinsed 8 cups Chicken Broth 1 whole Jalapeno, Sliced 1-1/2 Tablespoon Ground Cumin 1/2 teaspoon Paprika 1/2 teaspoon Cayenne Pepper  Salt To Taste  White Pepper, To Taste 1 cup Whole Milk 2 Tablespoons Masa (corn Flour) OR Cornmeal  Grated Monterey Jack, To Taste  Sour Cream For Garnish  Cilantro For Garnish  Guacamole (optional)  Pico De Gallo (optional)  Corn Tortillas, Warmed;I love white chili. And just like regular chili, there are as many incarnations as there are grains of sand in all the beache...;8;White Chili;PT25M;Hard;
PT20M;2008-09-15;http://static.thepioneerwoman.com/cooking/files/2008/09/Enchiladas.jpg;http://thepioneerwoman.com/cooking/2008/09/simple-perfect-enchiladas/; FOR THE SAUCE: 1 Tablespoon Canola Oil 1 Tablespoon All-purpose Flour 1 can (28 Ounce) Enchilada Or Red Sauce 2 cups Chicken Broth 1/2 teaspoon Salt 1/2 teaspoon Ground Black Pepper 2 Tablespoons Chopped Cilantro  _____  FOR THE MEAT: 1-1/2 pound Ground Beef 1 whole Medium Onion, Finely Diced 2 cans (4 Ounce) Diced Green Chilies 1/2 teaspoon Salt  _____  FOR THE TORTILLAS: 10 whole (to 14) Corn Tortillas 1/2 cup Canola Oil  _____  TO ASSEMBLE: 3 cups Grated Sharp Cheddar Cheese 1/2 cup Chopped Black Olives 1 cup Chopped Green Onions 1/2 cup Chopped Cilantro;Okay, people. Let's get down to business here. Let's make enchiladas!     Did you know that in addition to having an imaginar...;6;Enchiladas;PT1H30M;Hard;
PT;2009-01-30;http://static.thepioneerwoman.com/cooking/files/2010/07/3240212440_df1959a301.jpg;http://thepioneerwoman.com/cooking/2009/01/mexican-layer-dip/;1 can Refried Beans  Tabasco Sauce, To Taste 1 can Diced Green Chilies  Ground Cumin, to taste 3/4 cups Grated Sharp Cheddar Cheese 1 cup Sour Cream 1 cup Guacamole 3/4 cups Monterey Jack Cheese 1 can Black Olives 1 cup Pico De Gallo;    It's the exact same Mexican Layer Dip I grew up eating in the eighties, with the exception of these modifications:    1. ...;8;Mexican Layer Dip;PT15M;Easy;
PT10M;2009-04-27;http://static.thepioneerwoman.com/cooking/files/2009/04/what-i-made-for-lunch-on-saturday.jpg;http://thepioneerwoman.com/cooking/2009/04/what-i-made-for-lunch-on-saturday/;1-1/2 pound Linguine 1 bunch Cilantro, Roughly Chopped 4 whole Green Onions, Thinly Sliced  _____  PEANUT DRESSING: 5 cloves Garlic, Peeled 1 cup Chunky Peanut Butter 3/4 cups Low Sodium Soy Sauce 4 Tablespoons (to 5 Tablespoons) Red Wine Vinegar 6 Tablespoons Brown Sugar 3 Tablespoons (to 4 Tablespoons) Red Chile Oil 1/4 cup Olive Oil 1/4 cup Sesame Oil (can Also Use 1/2 Cup Olive Oil) 1 Tablespoon (to 2 Tablespoons) Toasted Sesame Oil (sold In The Asian Aisle);It's a long and lengthy process to explain why I cooked what I cooked for the Smitten Kitchen get together at the Lodge on Sa...;4;What I Made for Lunch on Saturday;PT20M;Easy;
PT5M;2008-01-15;http://static.thepioneerwoman.com/cooking/files/2010/07/2189916287_31398ea690.jpg;http://thepioneerwoman.com/cooking/2008/01/leftover_brisket_make_tostadas/; Beef Brisket Leftovers 1 package Small Corn Tortillas 1 can (about 16 Oz.) Refried Beans 1 can (about 8 Oz.) Hot Tomato Sauce Or Chili Sauce (optional)  Pico De Gallo  Shredded Cheese  Lettuce  Sour Cream 1 whole Avocado  Vegetable Oil;    There are few things more exciting, culinarily speaking, than slaving away over a dish for hours, then finding a way to u...;6;Leftover Brisket Tostadas;PT15M;Easy;
PT35M;2008-08-14;http://static.thepioneerwoman.com/cooking/files/2008/08/Delicious-Mexican-Lasagna.jpg;http://thepioneerwoman.com/cooking/2008/08/cooking-with-pastor-ryan-delicious-mexican-lasagna/;4 cups Unprepared Rice 6 cups (to 8 Cups) Low Sodium Chicken Broth/stock 4 whole (to 8) Tomatoes (up To You) 2 whole (to 3) Onions (up To You) 8 cloves (to 14 Cloves) Of Garlic (up To You)  Butter  Taco Seasoning (or Chili Powder, Paprika, And Cumin) To Taste 1 can (to 2 Cans) Black Or Pinto Beans (up To You) 3 pounds Lean Ground Beef 2 jars (16 Ounce) Salsa Verde  Flour Tortillas 3 packages (16 Ounces) Mexican Cheese Blend 1 jar (16 Ounce) Enchilada Sauce 3 cans Corn, Drained  Sour Cream, to taste  Cilantro, to taste;Hello PW peeps. It's Ryan, and I'm so excited to share this recipe with you because this has truly been the go-to meal of the...;8;Cooking With Pastor Ryan: Delicious Mexican Lasagna;PT45M;Hard;
PT4H;2008-08-06;http://static.thepioneerwoman.com/cooking/files/2008/08/Spicy-Shredded-Pork.jpg;http://thepioneerwoman.com/cooking/2008/08/spicy-shredded-pork/;4 pounds (up To 7 Pounds) Pork Shoulder 1 teaspoon Dried Oregano 1 teaspoon Ground Cumin 1 teaspoon Chili Powder 1 Tablespoon (to 2 Tablespoons) Salt  Pepper To Taste 3 cloves (to 4 Cloves) Garlic 1 Tablespoon (to 2 Tablespoons) Olive Oil 2 Tablespoons (to 3 Tablespoons) White Wine Vinegar 1/4 cup Brown Sugar 1 whole Onion  Lime Wedges;   Oh my goodness, am I ever in love with pork shoulder. Wait a minute...did I just say that? That I'm in love with pork...;8;Spicy Shredded Pork;PT20M;Hard;
PT15M;2013-01-31;http://static.thepioneerwoman.com/cooking/files/2013/01/tacos.jpg;http://thepioneerwoman.com/cooking/2013/01/salad-tacos/;16 whole Taco Shells 2 pounds Ground Beef 3 Tablespoons Taco Seasoning 1 can (4 Ounce) Tomato Paste  Salt To Taste 1 can (14.5 Ounce) Beans (kidney, Pinto, Chili), Undrained 1/2 cup Hot Water 1 head Green Leaf Lettuce, Sliced Very Thin 1 cup Grape Tomatoes, Halved (or Diced Regular Tomatoes) 1 cup Grated Cheese (cheddar, Jack, Or Cheddar/jack)  FOR THE DRESSING: 1/4 cup Mayonnaise 1/4 cup Sour Cream 1/4 cup Salsa 1 Tablespoon Ranch Dressing Mix (optional)  Extra Hot Sauce (optional)  Crushed Tortilla Chips (optional);I made these tacos before my family and I left for our trip to Colorado, and we devoured every bite. They're pretty much the ...;8;Salad Tacos;PT10M;Easy;
PT10M;2013-02-12;http://static.thepioneerwoman.com/cooking/files/2013/02/wraps.jpg;http://thepioneerwoman.com/cooking/2013/02/thai-chicken-wraps/;2 whole Boneless, Skinless Chicken Breasts (breast Halves)  OPTION 1 MARINADE/SAUCE 1 Tablespoon Rice Wine Vinegar 1/4 cup Soy Sauce 1 teaspoon Pure Sesame Oil 1 teaspoon Hot Chili Oil  Juice Of 2 Limes 1 Tablespoon Minced Fresh Ginger 2 Tablespoons Brown Sugar (optional) 1 teaspoon Cornstarch 2 Tablespoons Honey (or Brown Sugar)  Peanut Or Canola Oil For Frying  Peanut Sauce 1/2 cup Peanut Butter (crunch/chunky Is Good!) 3 Tablespoons Soy Sauce 3 Tablespoons Honey 1/2 teaspoon Hot Chili Oil 1 teaspoon Crushed Red Pepper  Juice Of 2 Limes  Water, As Needed For Thinning  Wraps 2 whole Whole-wheat Tortillas  Green Leaf Or Other Lettuce, Leaves Left Whole Or Shredded 1 whole Large Carrot, Cut Into Thin Strips Or Julienne 1/2 whole Cucumber, Seeds Scraped Out, Cut Into Strips  Cilantro Leaves  Shelled Peanuts  Optional Additions:  Bean Sprouts  Alfalfa Sprouts  Baby Spinach Leaves  Thinly Sliced Red Onion  Sliced Green Onion  Blanched Asparagus  Salt And Pepper, to taste  Sriracha;I made these yummy, crunchy, flavorful wraps after church last Sunday for the following reasons:    1. I was alone in the hou...;2;Thai Chicken Wraps;PT20M;Easy;
PT18M;2013-02-25;http://static.thepioneerwoman.com/cooking/files/2013/02/lrscones.jpg;http://thepioneerwoman.com/cooking/2013/02/lemon-rosemary-scones/; SCONES 3 cups All-purpose Flour 2/3 cups Sugar 5 teaspoons Baking Powder 1/4 teaspoon Salt 2 sticks (1/2 Pound) Unsalted Butter, Chilled And Cut Into Pieces 1 whole Large Egg 1 cup Heavy Cream 1 Tablespoon Finely Minced Fresh Rosemary  Zest Of 1 Lemon  GLAZE 5 cups Powdered Sugar, Sifted 1/2 cup Whole Milk, More If Needed For Thinning  Zest And Juice From 1 Lemon 1 teaspoon Finely Minced Fresh Rosemary  Dash Of Salt;I made these wonderfully delightful scones for my holiday cookbook as part of a big Mother's Day spread, but I knew the day I...;24;Lemon Rosemary Scones;PT20M;Medium;
PT15M;2013-03-04;http://static.thepioneerwoman.com/cooking/files/2013/03/fajitas1.jpg;http://thepioneerwoman.com/cooking/2013/03/beef-fajitas/;1 whole Beef Flank Steak 1/2 cup Olive Oil 3 Tablespoons Worcestershire Sauce 1/3 cup Lime Juice, Fresh Squeezed 3 cloves Garlic, Minced 1 Tablespoon Cumin 1 Tablespoon Chili Powder 1/2 teaspoon Red Pepper Flakes 1 teaspoon Salt 1/2 teaspoon Black Pepper 1 Tablespoon Sugar 2 whole Medium Onions, Halved And Sliced 1 whole Red Bell Pepper, Sliced 1 whole Orange Bell Pepper, Sliced 1 whole Green Bell Pepper, Sliced 1 whole Yellow Bell Pepper, Sliced  Oil, For Frying  Flour Tortillas, Warmed  Cheese (grated Cheddar/jack Or Crumbled Queso Fresco)  Salsa  Sour Cream  Cilantro Leaves;When I get a hankering for beef fajitas, I pretty much can think of nothing else until I eat them. I made them over the weeke...;8;Beef Fajitas;PT2H;Hard;
PT5M;2007-10-02;http://static.thepioneerwoman.com/cooking/files/2010/07/1470622409_212bb118bd.jpg;http://thepioneerwoman.com/cooking/2007/10/pioneer_womans_favorite_sandwich/;1 Tablespoon Dijon Mustard, to taste 1 Tablespoon Mayonnaise, to taste 1 whole Tomato 1 whole Red Onion, Small 2 slices Mild Cheddar 1 can (4 Oz.) Whole Green Chilies 2 slices Provolone 2 slices Rye Bread  Butter;    Mmmmm...this is it, folks: The Sandwich That Brings Me the Most Happiness in Life. Granted, it's no Marlboro Man's Favori...;1;Pioneer Woman’s Favorite Sandwich;PT10M;Easy;
;2004-09-06;http://www.101cookbooks.com/mt-static/images/food/ranchogordobeans.jpg;http://www.101cookbooks.com/archives/000116.html;1 lb. Jacob's Cattle beans 2 T. olive oil 1 large onion, chopped 1 red bell pepper, chopped 5 cloves garlic, minced 2T. ground, dried red chilies (I used med-hot Chimayo) 1 1/2 T ground cumin 2+ t.  ground cinnamon  1 t. ground allspice 4 1/2 cups water or vegetable stock 1 12 oz. bottle Negro Modelo Mexican beer 1 1/2 discs Ibarra Mexican chocolate;101 Cookbooks: Chocolate Calypso Beans Recipe;;Chocolate Calypso Beans (remix);;Unknown;
;2004-12-01;http://www.101cookbooks.com/mt-static/images/food/.jpg;http://www.101cookbooks.com/archives/000130.html;Ingredients for chili paste: 2 green hot chilies (Thai chilies) 1 tablespoon chopped shallots 1 teaspoon chopped galangal  1/2 teaspoon chopped kaffir lime rind 1 tablespoon chopped garlic 1 tablespoon chopped lemongrass 1 tablespoon chopped krachai 1/4 teaspoon roasted cumin seeds 1/4 teaspoon roasted coriander seeds 1/2 teaspoon salt Other ingredients: 1 cup sliced eggplants 1/4 cup smaller pea-like eggplants (makheau phuang) 1/3 cup sliced onion 70 grams sliced chicken (or firm tofu) 1 teaspoon sugar 1 tablespoon fish sauce (or soy sauce for vegetarians) 3 kaffir lime leaves 2 stems sweet basil (horapaa) 1 cup coconut milk 1 cup water (Again, chicken can be replaced tofu);101 Cookbooks: Green Curry with Tofu Recipe;;Green Curry with Tofu;;Unknown;
;2005-02-01;http://www.101cookbooks.com/mt-static/images/food/thaiwildmush.jpg;http://www.101cookbooks.com/archives/000140.html;150 g (5 oz) assorted wild mushrooms 2 tablespoons stock pinch of salt pinch of white sugar - optional 3 tablespoons lime juice (you might use less) 2 tablespoons fish sauce (for veg: substitute a splash of soy sauce) large pinch of roasted chili powder 4 shallots, sliced handful of mixed mint and coriander leaves 2 tablespoons shredded pak chii farang (long-leaf coriander) 1 tablespoon chopped spring (green) onion 1 tablespoon ground roasted rice -a few sprigs of Thai basil -sliced cabbage and cucumber;101 Cookbooks: Wild Mushroom Salad Recipe;;Wild Mushroom Salad Recips;;Unknown;
;2005-05-28;http://www.101cookbooks.com/mt-static/images/food/applesalsa.jpg;http://www.101cookbooks.com/archives/000170.html;2 tart apples, locally grown if possible 4 tablespoons lime juice 1 fresh jalapeno chile 1 fresh Anaheim chile 1/2 medium onion, finely chopped Handful of cilantro, roughly chopped 1/2 cup (2 ounces) walnuts, coarsely chopped and lightly toasted 2 tablespoons peeled and finely slivered fresh ginger 1/4 teaspoon salt;101 Cookbooks: From the Archives: Fresh Apple Salsa Recipe;Serves 4 to 6.;Fresh Apple Salsa;;Unknown;
;2009-05-13;http://www.101cookbooks.com/mt-static/images/food/vegetarian_chili_recipe.jpg;http://www.101cookbooks.com/archives/pierce-street-vegetarian-chili-recipe.html;2 tablespoons olive oil 1 large yellow onion, chopped 2 shallots, chopped 8 small/med garlic cloves, finely chopped 1 tablespoon ginger, peeled and grated 3 tablespoons chili powder 1 teaspoon ground cumin 1 serrano pepper, seeded and finely chopped 1 chipotle pepper (from can or rehydrate), minced 1 28-ounce can of crushed tomatoes 10  cups vegetable broth 1 1/2 cups cooked chickpeas (canned is fine) 2 1/4 cups black, brown, or green lentils (or combo), rinsed and picked over 2/3 cup pearled barley or pearled farro 2/3 cup bulgur wheat 1 teaspoon fine grain sea salt (or to taste) toppings (opt): a bit of chopped serranos, a bit of feta or dollop of thinned out salted yogurt, a drizzle of equal parts chopped fresh oregano and olive oil, chopped onion;The best pot of chili I've made in years. A vegetarian chili recipe Inspired by a bunch of those little bags of remnant grains and pulses that collect in my cupboards - bulgur, farro, and lentils, join chile peppers, crushed tomatoes, some chickpeas, and a secret ingredient.;;Pierce Street Vegetarian Chili Recipe;;Unknown;
;2008-06-19;http://www.101cookbooks.com/mt-static/images/food/tortilla_soup_recipe.jpg;http://www.101cookbooks.com/archives/vegetarian-tortilla-soup-recipe.html;6-8 corn tortillas, cut in half and then into  matchstick-thin strips a big splash of extra virgin olive oil fine grain sea salt 20 small yellow or red cherry tomatoes another splash of extra virgin olive oil 3 cloves garlic, chopped 1 large white onion, chopped 1 teaspoon ground cumin 2 teaspoons ground coriander 1 teaspoon cayenne or other spicy red chili powder 1 14-ounce can crushed tomatoes 6 cups vegetable broth (or water) a few sun-dried tomatoes, chopped 1/4 cup of goat cheese, crumbled;My tortilla soup recipe - a full-bodied, spicy vegetarian broth envelops a nest of baked tortilla matchsticks. Tiny roasted tomatoes along with a bit of goat cheese lend tang and texture, and flecks of sun-dried tomatoes bring depth and richness to each bowl.;Makes about 6 servings.;Vegetarian Tortilla Soup Recipe;;Unknown;
;2004-11-26;http://www.101cookbooks.com/mt-static/images/food/bourbonsweet2.jpg;http://www.101cookbooks.com/archives/000129.html;5-6 chubby, red-fleshed sweet potatoes Splash of extra-virgin olive oil Salt and pepper 1-inch square of ginger, peeled and grated 2 generous pinches of ground cinnamon or canela 1 generous pinch of ground cloves Zest of one lemon (orange zest would be good too) 3T unsalted butter, melted and cooled a bit 1/4 cup maple syrup Splash of milk (2T. or so) Splash of bourbon (2T. or so) 1/4 freshly grated Parmesan (not from the plastic container!) Spicy Pecans (recipe below) 1 tablespoon unsalted butter 2 cups pecans 1/3 cup brown sugar 1 teaspoon paprika 1 teaspoon red chile powder 3 tablespoons cider vinegar;101 Cookbooks: Bourbon Baked Sweet Potatoes Recipe;;Bourbon Baked Sweet Potatoes;;Unknown;
;2007-09-19;http://www.101cookbooks.com/mt-static/images/food/redricesaladrecipe_07.jpg;http://www.101cookbooks.com/archives/red-rice-salad-recipe.html;1 3/4 cups to 2 cups water 1 cup red rice 2 tablespoons oil  4 large shallots, chopped 3 cloves garlic, chopped 1 large red chile, seeded and chopped 1-inch piece ginger root, chopped (hs note: I grated it) 1 teaspoon ground coriander 1 large carrot, thinly sliced 8 ounces green beans, trimmed and chopped 1/2 cup coconut milk (hs note: lite is fine) 1/4 cup soy sauce 1/2 teaspoon molasses 4 large eggs, boiled and peeled 1 large lime, quartered 1/2 cup julienned fresh basil 1/4 cup macadamia nuts, toasted and chopped;Indonesian red rice salad with boiled eggs and macadamias. Riveting to look at, with a wonderfully complex array of flavors and textures to enjoy. ;Serves 8.;Red Rice Salad with Boiled Eggs and Macadamias;;Unknown;
;2006-05-18;http://www.101cookbooks.com/mt-static/images/food/buttermilk_curry_recipe.jpg;http://www.101cookbooks.com/archives/001407.html;1 tablespoon vegetable oil (hs note: I used clarified butter) 1 1/2 teaspoons black mustard seeds 1/2 teaspoon cumin seeds 1/2 teaspoon turmeric 1 large or 2 medium scallions, trimmed, sliced lengthwise in half and then crosswise into 1-inch lengths 1 green cayenne chile, minced (hs note: the serrano I had on hand was a reasonable substitute) 1/4 water, if using yogurt 1 cup plain (full-or-reduced fat) yogurt OR 1 1/4 cups buttermilk 1/2 teaspoon salt, or to taste 2/3 tablespoons chopped coriander leaves (hs note: also known as cilantro);Rajasthani buttermilk curry recipe from the award-winning cookbook Mangoes &amp, Curry Leaves, by Jeffrey Alford and Naomi Duguid.;Serves 2 to 3.;Rajasthani Buttermilk Curry Recipe;;Unknown;
;2006-11-29;http://www.101cookbooks.com/mt-static/images/food/roastedcauliflower.jpg;http://www.101cookbooks.com/archives/001533.html;4-inch segment of a thin day-old baguette 1 medium head of cauliflower, washed extra-virgin olive oil scant 1/2 teaspoon salt 2 cloves garlic, minced 1 fresh red chile pepper, minced;Oven-roasted cauliflower florets with breadcrumbs, garlic, red chile pepper, salt and olive oil.;Serves 4. ;Roasted Cauliflower Recipe;;Unknown;
;2004-11-15;http://www.101cookbooks.com/mt-static/images/food/potpies1.jpg;http://www.101cookbooks.com/archives/000127.html;3 tablespoons extra-virgin olive oil   1 medium white or yellow onion, chopped   3 cloves garlic, chopped   2 1/2 to 3 cups sweet potatoes, peeled and diced into  1/4-inch pieces   1/2 teaspoon salt (plus more to taste)   1 tablespoon adobo sauce from a can of chipotle chilies (or more to taste)   1 cup corn kernels, fresh or frozen   2 cups cold whole or low-fat milk   2 tablespoons cornstarch   1 box puff pastry dough (allow 20 to 30 minutes to thaw)   1 egg white;A recipe from my first book that was featured in the Washington post - sweet potatoes, chipotle, corn, onions, and puff pastry.;;Sweet Potato Pot Pie Recipe;;Unknown;
;2008-09-30;http://www.101cookbooks.com/mt-static/images/food/herb_noodles.jpg;http://www.101cookbooks.com/archives/slurptastic-herb-noodles-recipe.html;4 ounces thin, dried spinach pasta  (thin) 1 cup coconut milk (light is fine) scant 1 tablespoon green or yellow curry paste 1 1/2 cups lightly flavored vegetable broth ~1/4 teaspoon salt (more or less depending on the saltiness of your broth) 6 ounces tofu, cut into small cubes or pieces 1/4 cup chives, minced 1/3 cup cilantro, chopped 1/4 cup basil, chopped just before using pinch of crushed red chile peppers;A big, slurpy bowl of whisper-thin spinach noodles draped in a spicy curry and herb broth - inspired by a beautiful box of noodles I picked up in Mill Valley, Ca.;Serves 2 to 4.;Slurp-tastic Herb Noodles Recipe;;Unknown;
;2008-10-11;http://www.101cookbooks.com/mt-static/images/food/pumpkin_mole_recipe.jpg;http://www.101cookbooks.com/archives/borlotti-bean-mole-with-roast-winter-squash-recipe.html;~1 1/2 cups (7 ounces) fresh borlotti beans ~1 1/2 cups (7 ounces) winter squash olive oil 4 - 5  big leaves of kale (3 1/2 ounces) 2 tablespoons butter 1 medium onion, chopped 2 - 4 red jalapeno chiles, halved, seeded, and chopped 2 garlic cloves, chopped 1 pound of fresh plum tomatoes, chopped or 14-ounce can 2 teaspoons paprika 1 ounce of almonds, dark roasted and finely ground 2 ounces dark 70% dark chocolate, broken into pieces salt;A rich, hearty vegetarian mole recipe from Denis Cotter's new book. Seasonal beans, squash, and kale are baked in a rich, hearty chocolate and paprika-spiked mole. ;Serves 4.;Borlotti Bean Mole with Roast Winter Squash;;Unknown;
PT10M;2010-05-18;http://www.101cookbooks.com/mt-static/images/food/spiced_pappardelle_recipe.jpg;http://www.101cookbooks.com/archives/pappardelle-with-spiced-butter-recipe.html;1/4 teaspoon saffron threads pinch of salt 1 stick / 4 oz / 100 g butter 2 tablespoons extra virgin olive oil 6 medium shallots, chopped 1/2 teaspoon ground ginger 1/2 teaspoon sweet paprika 1/2 teaspoon ground coriander 1/2 teaspoon ground cinnamon scant 1/2 teaspoon cayenne pepper 1/4 teaspoon red chile flakes 1/4 teaspoon ground turmeric 1/4 teaspoon+ fine grain sea salt black pepper 1/2 pound / 8 oz / 225 g dried pappardelle egg pasta  1/2 pound / 8 oz / 225 g asparagus, sliced into 1/4-inch rounds splash of cream 1/2 cup / 2 oz / 60 g pine nuts, toasted and chopped 2 tablespoons roughly chopped mint 2 tablespoons roughly chopped parsley;A recap of my Sunday, including a few portraits I shot, plus a top-notch pasta with spiced butter and asparagus inspired by a recipe from Yotam Ottolenghi's new book.;;Pappardelle with Spiced Butter;PT20M;Easy;
;2006-04-21;http://www.101cookbooks.com/mt-static/images/food/soup_for_when_sick.jpg;http://www.101cookbooks.com/archives/001397.html;1 pound cranberry beans (like Borlotti) 8 cups of water 15 medium cloves of garlic, peeled and trimmed 2 big shallots (I might have used a white onion but didn't have one), sliced on the axis into thin crescents 2-3 dried smoked chiles (I used smoked serranos) but I suspect dried chipotles or even one or two chipotles from the can (in adobo sauce) would work nicely 2 teaspoons+  fine sea salt for seasoning a drizzle of flavorful extra-virgin olive oil a small handful of cilantro, chopped a couple (optional) handfuls of a salty hard cheese, Parmesan, grated (I think my mystery cheese was actually Three Sisters Serena);Turn to this miraculously delicious soup when you are feeling sick - beans, water, garlic, shallots, chiles. Total active prep time was under five minutes, the rest is just waiting and anticipating. ;Serves 4 to 6;A Good Soup for the Sick;;Unknown;
;2008-01-03;http://www.101cookbooks.com/mt-static/images/food/lentil_soup_recipe_07.jpg;http://www.101cookbooks.com/archives/lively-up-yourself-lentil-soup-recipe.html;2 cups black beluga lentils (or green French lentils), picked over and rinsed 1 tablespoon extra virgin olive oil 1 large onion, chopped 1 teaspoon fine-grain sea salt 1 28-ounce can crushed tomatoes 2 cups water  3 cups of a big leafy green (chard, kale, etc), rinsed well, deveined, finely chopped Saffron Yogurt a pinch of saffron (30-40 threads) 1 tablespoon boiling water two pinches of salt 1/2 cup 2% Greek Yogurt  Variations: - You can serve it with a poached egg on top, - or crunchy, fried shallots, - with a drizzle of chive infused cream, - or with chunks of tiny pan-fried butternut squash cubes. - Make a thicker version by using just a bit of water, and then spoon it over an omelette in the morning. - Have some cooked farro or wheat berries around? Toss some in. Millet might be good too. - You can finish the soup by adding your favorite spices or spice blends. Smoked paprika, crushed chiles, toasted cumin, would all work nicely.;Healthy, quick, and satisfying this lentil soup recipe delivers layer after layer of flavor. The tang of the tomatoes plays off the earthiness of the lentils, and the fragrant bolt of saffron yogurt brightens each bowl.;Serves 6 to 8. ;Lively Up Yourself Lentil Soup Recipe;;Unknown;
PT120M;2010-01-30;http://www.101cookbooks.com/mt-static/images/food/palak_daal_recipe.jpg;http://www.101cookbooks.com/archives/palak-daal-recipe.html;1 cup / 6.5 oz / 185 g white urid or urad daal, picked over and rinsed 6 cups / 1.5 liters water, plus more if necessary 1/2 pound spinach, washed and finely chopped 1 tablespoon ginger, peeled and finely chopped 1/2 teaspoon turmeric 2 medium green chile peppers, minced 2 tomatoes, chopped 1/2 teaspoon salt 2 tablespoons butter 1/2 teaspoon cumin seeds 1 teaspoon pure red chile powder a pinch of asafetida, optional more salt to taste juice of 1/2 a lemon 1/4 cup cilantro, chopped;A palak daal recipe from Kasa's Anamika Khanna - a hearty pot of spinach, lentils, and spices. Kasa is a favorite Indian restaurant of mine here in San Francisco.;;Palak Daal;PT20M;Hard;
;2005-08-21;http://www.101cookbooks.com/mt-static/images/food/soty1.jpg;http://www.101cookbooks.com/archives/000325.html;3 T. vegetable oil  1 ounce dried mirasol (milder) or smoked serrano (more heat) chilies garlic, 12 small to medium cloves - peeled Another 3 T. vegetable oil 1 1/4 cups vegetable broth - Stir in 1/3 cup cream (or to taste) - for a slightly creamy sauce that will add a bit of kick to a wide range of recipes. (this is the sauce you see in the pictures on this post). Drizzle on savory crepes, egg dishes, casseroles, etc. - Stir a couple tablespoons into light or vegan mayo for a spicy sandwich spread. - Spread on panini: with all sorts of fixings.;Smoky and creamy, this salsa recipe is best drizzled over eggs, quesadilla, and crepes.;Makes about 1 cup.;Salsa of the Year;;Unknown;
;2006-08-08;http://www.101cookbooks.com/mt-static/images/food/compoundbutter.jpg;http://www.101cookbooks.com/archives/001470.html;4 tablespoons unsalted organic butter, room temperature 1 or 2 Numi Desert Lime tea bags (depending on how strong you want it), cut open and the contents ground in a mortar and pestle 1/4 teaspoon fine grain sea salt 4 tablespoons unsalted organic butter, room temperature 1 tablespoon organic cane sugar (I used Florida Crystals) 1/3 cup dehydrated organic strawberries, minced 4 tablespoons unsalted organic butter, room temperature 2 serrano chiles, deveined and  seeded, loosely chopped 1/4 teaspoon fine grain sea salt 4 tablespoons unsalted organic butter, room temperature 1 - 1 1/2 teaspoons smoked paprika 1/4 teaspoon fine grain sea salt;A quartet of vibrant, colorful, and unique compound butter recipes - Smoked Paprika, Dry Desert Lime, Raw Serrano, and Dehydrated Strawberry.  ;;A Quartet of Compound Butters;;Unknown;
;2007-06-27;http://www.101cookbooks.com/mt-static/images/food/grilledkabobsrecipe.jpg;http://www.101cookbooks.com/archives/my-favorite-grilled-kabob-recipe.html;Muhammara Slather: 1 tablespoon crushed red pepper flakes or 1 small red chile 1/2 teaspoon ground cumin 3/4 cup walnuts, toasted 1/4 cup whole-grain  bread crumbs 1/4 cup extra-virgin olive oil 2 tablespoons pomegranate molasses 1/4 cup tomato paste 2 to 3 roasted red peppers 1/2 to 1 cup warm water 1/2 teaspoon fine-grain sea salt Kabobs 2 red onions, each cut into 6 wedges 3 lemons, each cut into 4 lengthwise wedges 12 ounces extra-firm tofu, cut into 12 equal-sized cubes 12 mushrooms extra-virgin olive oil, for brushing fine-grain sea salt Special equipment: 6 wooden skewers;A kabob recipe featuring grilled mushrooms, lemons, tofu red onions and a delicious red pepper walnut slather.;Makes 6 kabobs.;My Favorite Grilled Kabob Recipe;;Unknown;
;2009-03-17;http://www.101cookbooks.com/mt-static/images/food/jamaican_veggie_patties.jpg;http://www.101cookbooks.com/archives/jamaican-veggie-patties-recipe.html;1 tablespoon coconut oil 1/2 cup 1/4-inch-diced yellow onion 1/8 teaspoon ground cinnamon 1/4 teaspoon allspice 1/2 teaspoon ground cumin 1/4 teaspoon red pepper flakes 1/8 teaspoon cayenne Coarse sea salt 2 larges cloves garlic, minced 3/4 cup coconut milk 1/4 cup 1/4-inch-diced carrots 1/4 cup 1/4-inch-diced yellow potatoes 1/2 cup fresh green peas (or frozen) 1/2 cup sweet fresh corn (or frozen) 1/2 cup shredded cabbage 1 tablespoon minced fresh thyme 1 tablespoon freshly squeezed lemon juice 1/2 teaspoon freshly ground white pepper Pastry: 1 3/4 cups unbleached flour 1  cup whole wheat pastry flour 2 teaspoons turmeric 1/2 teaspoon fine sea salt 3/4 cup chilled coconut oil 2 teaspoons apple cider vinegar 1/2 cup plus 2 tablespoons ice water;A favorite recipe from chef Bryant Terry's newest book, Vegan Soul Kitchen. A richly spiced potato, pea, corn, carrot, and cabbage filling is wrapped with a turmeric-hued pastry crust made with coconut oil. ;Makes six big patties, or a couple dozen smaller ones.;Jamaican Veggie Patties Recipe;;Unknown;
PT5M;2009-09-15;http://www.101cookbooks.com/mt-static/images/food/pineapple_rice_recipe.jpg;http://www.101cookbooks.com/archives/pineapple-rice-recipe.html;1/3 cup macadamia oil, olive oil, or sunflower oil 2 teaspoons toasted sesame oil 1/4 cup (fresh or canned) all-natural 100% pineapple juice 1 garlic clove 1/4 teaspoon red pepper flakes 2 tablespoons soy sauce (or shoyu) 1 cup pineapple, cut into chunks 2 teaspoons freshly grated ginger 1/4 teaspoon fine grain sea salt 4 handfuls of mizuna, watercress, or arugula 2 1/2 cups cooked brown rice, room temperature 4 green onions, thinly sliced 3 shallots, peeled and thinly sliced 1 cup cashews, roasted/toasted and chopped 1/2 small serrano chile, seeded and deveined, and minced (optional) 4 ounces seitan, cut into little bits and pan-fried (optional);A nice platter of greens and brown rice doused in a spicy-salty-sweet pineapple dressing flecked with seitan. It's good hot or at room temperature.;;Pineapple Rice Recipe;PT15M;Easy;
PT20M;2009-12-24;http://www.101cookbooks.com/mt-static/images/food/red_posole_recipe.jpg;http://www.101cookbooks.com/archives/red-posole-recipe.html;1 pound / 16 oz / 453g dried ready-to-cook posole / hominy (see head notes) 1 small white onion, diced 3 medium garlic cloves, peeled and smashed 3 dried red New Mexican chile peppers, stems removed (see head notes) 1 teaspoon dried Mexican oregano Red Sauce: 2 tablespoons extra-virgin olive oil 2 tablespoons finely diced white onion 2 medium cloves garlic, finely chopped 1 teaspoon dried oregano 2 tablespoons flour 1/2 teaspoon ground cumin 1/2 cup / 2 oz / 50g ground red chile (see head notes) 1/2 teaspoon fine grain sea salt a quarter of one lime;A big pot of red posole made on a stormy day. A brick-red brothy sauce surrounds the posole, and individual bowls are topped with thin wisps of pan-fried tortillas, a pinch of toasted Mexican oregano, and a bit of crumbled feta.;;Red Posole Recipe;PT240M;Hard;
PT100M;2010-09-15;http://www.101cookbooks.com/mt-static/images/food/fava_soup_recipe.jpg;http://www.101cookbooks.com/archives/dried-fava-soup-with-mint-and-guajillo-chiles-recipe.html;1 pound / 16 oz / 450g hulled dry fava beans, rinsed (see photo for reference if needed) 8 cups / 2 liters good vegetable broth or water 6 garlic cloves, unpeeled 1 large white onion, sliced 1/2-inch / 1 cm thick 1 1/2 pounds / 24 oz / 680g ripe tomatoes 6 medium dried guajillo or pasilla chiles, stemmed &amp, seeded 2 tablespoons extra virgin olive oil 2 tablespoons cider vinegar 3/4 teaspoon dried Mexican oregano 1 1/2 teaspoon fine-grain sea salt, plus more to taste 1/2 cup / .25 oz / 10g loosely packed chopped cilantro 2 tablespoons chopped fresh mint, pref. spearmint 1/2 cup / 2 oz / 55g crumbled Mexican queso anejo or feta;Easily one of the best, most interesting soups I've cooked in years. Adapted from a recipe in Rick Bayless's Mexican Kitchen - a dried fava bean and roasted tomato base topped with a fascinating cider-kissed tangy/sweet quick-pickled chile topping.;;Dried Fava Soup with Mint and Guajillo Chiles;PT10M;Hard;
PT30M;2010-10-26;http://www.101cookbooks.com/mt-static/images/food/ottolenghi_soba_noodles.jpg;http://www.101cookbooks.com/archives/ottolenghi-soba-noodles-with-aubergine-and-mango-recipe.html;1/2 cup / 120 ml brown rice vinegar scant 1/3 cup / 1.5 oz / 40 g fine-grain natural cane sugar or brown sugar 1/2 teaspoon fine grain sea salt 2 garlic cloves, peeled and crushed 1/4 teaspoon red pepper flakes or 1/2 fresh red chile, minced 1 teaspoon toasted sesame oil grated zest and juice of one lime 1/3 cup / 80 ml sunflower oil or olive oil 1 medium eggplant/aubergine 3/4 lb / 12 oz, cut into 1/2-inch / 1cm chunks 8 ounces / 225g dried soba noodles 1 large ripe mango, cut into small chunks 8 ounces grilled or pan-fried tofu, cut into tiny cubes 1/2 medium red onion, very thinly sliced a handful of basil leaves, slivered a handful of fresh cilantro / coriander, chopped;Spicy brown sugar and lime-sauced soba noodles with tofu, eggplant, mango and lots of herbs. Inspired by a rare mango find, and a recipe in Yotam Ottolenghi's cookbook, Plenty.;;Ottolenghi Soba Noodles;PT15M;Medium;
PT3M;2011-05-03;http://www.101cookbooks.com/mt-static/images/food/cucumber_peanut_salad_recipe.jpg;http://www.101cookbooks.com/archives/cucumber-peanut-salad-recipe.html;3 medium cucumbers, partially peeled 1-2 green serrano chiles, stemmed and minced 1/2 cup / 2.5 ounces / 70 g peanuts, toasted 1/3 cup / 1.5 ounces / 45 g dried large-flake coconut, toasted 2 tablespoons fresh lemon juice 1 teaspoon natural cane sugar 1 tablespoon, ghee, clarified butter, or sunflower oil 1/2 teaspoon black mustard seeds 1/4 teaspoon cumin seeds scant 1/2 teaspoon fine grain sea salt a handful cilantro, chopped;We picked two new cookbooks to focus on in the 101 Cookbooks Library, and this recipe is inspired by a recipe from one of them. A refreshing chopped cucumber salad loaded with peanuts, spices, coconut, and chiles.;;Cucumber Peanut Salad;PT10M;Easy;
PT3M;2012-07-12;http://www.101cookbooks.com/mt-static/images/food/sunchoke_cashew_stirfry_recipe.jpg;http://www.101cookbooks.com/archives/sunchoke-and-cashew-stirfry-recipe.html;1 teaspoon peanut or sunflower oil 1 egg, beaten 1 tablespoon peanut or sunflower oil, plus more if needed 1 tablespoon minced ginger 2 cloves minced garlic 3 medium shallots, chopped 1/2 serrano chile pepper, deveined and minced 1 cup very thinly sliced sunchokes, well scrubbed Kernels from 2 ears of corn 1 1/2 - 2 cups day-old, cooked brown rice 1 egg, beaten (optional) 1 tablespoon soy sauce, plus more to taste 1/3 cup toasted almond slices 1/2 cup toasted cashews fine grain sea salt and pepper, to taste plenty of chopped fresh basil;A beautiful fried rice made with brown rice, egg, sunchokes, cashews, and basil when Grace Young came over for lunch last week.;Serves 2-3 as a main course, more as part of a larger multi-course meal.;Sunchoke and Cashew Stir-fry;PT10M;Easy;
;2006-11-20;http://www.101cookbooks.com/mt-static/images/food/bakedcarrotfries1.jpg;http://www.101cookbooks.com/archives/001529.html;a big bunch of farmers' market carrots, washed, trimmed extra virgin olive oil sea salt 4 ounces organic tofu 1/4 cup orange juice quick squeeze of lime scant 1 teaspoon adobo sauce from a can of chipotle chiles 1/2 teaspoon fine grain sea salt;Made from carrots, this is a healthy, simple and delicious alternative to deep-fried potatoes. These baked oven fries (made from carrots) are simply roasted with olive oil and a sprinkling of sea salt.  ;;Baked Carrot Oven Fries;;Unknown;
;2007-07-01;http://www.101cookbooks.com/mt-static/images/food/salsarecipe_07.jpg;http://www.101cookbooks.com/archives/fourth-of-july-roasted-tomato-salsa-recipe.html;2 pounds Roma tomatoes, cut in half lengthwise 1 medium white onion, cut into six wedges 1 large garlic clove, halved a couple pinches of finely ground sea salt 2-3 tablespoons of extra-virgin olive oil 1 medium dried guajillo chile pepper, soaked in boiling water until softened, and then drained 1 -2 chipotles in adobo sauce (canned) 1/2 cup cilantro, roughly chopped;A deliciously vibrant, earthy, and slightly smoky-tasting salsa recipe. Different from salsa fresca, the deep, caramelized flavors of the roasted tomatoes and onions alongside the smokiness of the chipotles make for a richly beautiful and balanced salsa. ;Makes about 2 1/2 cups.;Fourth of July Roasted Tomato Salsa Recipe;;Unknown;
;2008-04-03;http://www.101cookbooks.com/mt-static/images/food/carrot_salad_recipe_08.jpg;http://www.101cookbooks.com/archives/sunburst-carrot-salad-recipe.html;2 bunches carrots, preferably spring carrots extra virgin olive oil fine grain sea salt 1 green chile (serrano), deveined and minced 1 lemon, zest and juice 1 cup cilantro, chopped 1 cup green pumpkin seeds (pepitas), toasted;A favorite carrot salad recipe - carrot ribbons sauteed in a bit of salt and olive oil and finished off with lemon zest, finely chopped serrano chiles, a quick squeeze of lemon juice, and lots of cilantro.  ;Serves 4 to 6.;Sunburst Carrot Salad Recipe;;Unknown;
;2008-05-15;http://www.101cookbooks.com/mt-static/images/food/light_greencurry_recipe.jpg;http://www.101cookbooks.com/archives/in-a-hurry-green-curry-recipe.html;2 teaspoons green curry paste* scant 1/2  teaspoon salt 1 14-ounce can coconut milk (light ok) 1 large onion, sliced 14 ounces water or light vegetable broth 6 ounces of firm tofu cut into 1/2 inch cubes 1 cup peas, fresh or frozen 2 cups asparagus, cut into 1/2-inch segments squeeze of fresh lime juice 1/4 cup small basil leaves 2 green hot chilies (Thai chilies) 1 tablespoon chopped garlic 1 tablespoon chopped shallots 1 teaspoon chopped galangal 1/2 teaspoon chopped kaffir lime rind 1 tablespoon chopped lemongrass 1 tablespoon chopped krachai 1/4 teaspoon roasted cumin seeds 1/4 teaspoon roasted coriander seeds 1/2 teaspoon salt;A quick and delicious green curry recipe - peas, asparagus, and tofu swimming in a fragrant, not-overly-rich Thai green chile broth.;Serves 4.;In a Hurry Green Curry Recipe;;Unknown;
;2008-07-02;http://www.101cookbooks.com/mt-static/images/food/coleslaw_recipe.jpg;http://www.101cookbooks.com/archives/lime-peanut-coleslaw-recipe.html;1 1/2 cups unsalted raw peanuts 1/2 of a medium-large cabbage 1 basket of tiny cherry tomatoes, washed and quartered 1 jalapeno chile, seeded and diced 3/4 cup cilantro, chopped 1/4 cup freshly squeezed lime juice 2 tablespoons olive oil 1/4 teaspoon + fine-grain sea salt;This feather-light, mayo-free, coleslaw recipe uses toasted peanuts, cherry tomatoes, and lime vinaigrette and is perfect alongside fajitas, or whatever you have coming off the grill. Keep in mind - great coleslaw is rooted in great knife skills. ;Serves 6 as a side.;Lime &amp, Peanut Coleslaw Recipe;;Unknown;
;2008-10-20;http://www.101cookbooks.com/mt-static/images/food/pepita_salad_recipe.jpg;http://www.101cookbooks.com/archives/pepita-salad-recipe.html;1 cup pepitas, toasted (divided) 1 cup cilantro leaves and stems, well washed and lightly packed 1/3 cup Parmesan cheese, freshly grated 3 medium cloves garlic, peeled juice of 1 medium lemon 1 serrano chile pepper, minced 2/3 cup extra-virgin olive oil 4 cups cooked yellow split peas* 2 handfuls lettuce, torn into bite-sized pieces;A great pepita salad that can brighten up any table. Made from a simple combination of yellow split peas, toasted pepitas, and cilantro pesto.;Serves 6 or so.;Pepita Salad Recipe;;Unknown;
;2009-01-03;http://www.101cookbooks.com/mt-static/images/food/lentil_almond_stirfry.jpg;http://www.101cookbooks.com/archives/lentil-almond-stirfry-recipe.html;Mint sauce (optional) 1 cup fresh mint leaves 1/2 serrano chile pepper, de-veined and seeded 2 tablespoons olive oil pinch of salt a touch of sugar, or honey, or agave nectar 1 tablespoon lemon juice extra-virgin olive oil 6 to 8 very small new potatoes, cut into 1/2 pieces 2 cups cooked brown or black lentils 12 brussels sprouts, trimmed and quartered 1/4 cup sliced almonds, toasted 1/3 cup plain Greek yogurt, thinned out with a bit of water, and salted with a pinch of salt 2 dates, pitted and chopped;A good cold-weather stir-fry recipe. Tiny potatoes, brussels sprout wedges, toasted almonds and lentils are served with a drizzle of mint and a bit of thinned-out, salted plain yogurt, and a sprinkling of chopped dates.;Serves 2-3.;Lentil Almond Stir-Fry Recipe;;Unknown;
;2009-02-11;http://www.101cookbooks.com/mt-static/images/food/adzuki_butternut_squash_soup.jpg;http://www.101cookbooks.com/archives/adzuki-butternut-squash-soup-recipe.html;2 tablespoons olive oil 1 teaspoon cinnamon 1 teaspoon (dried) coriander 2 teaspoons finely chopped chipotle pepper (from can, or rehydrated from dried chile) 2 teaspoons fine grain sea salt 2 medium-large onions 6 cloves garlic, minced 4 cups butternut squash, peeled and cut into 1/4-inch dice 5 - 6 cups water 5 whole canned tomatoes, chopped 4 cups cooked or canned adzuki beans cilantro drizzle (optional)*;A hearty adzuki and butternut squash soup recipe adapted from Jae Steele's Get It Ripe cookbook. The soup has a bit of chipotle flavor and is made even better with a drizzle of cilantro olive oil prior to serving.;Serves about 8.;Adzuki Butternut Squash Soup Recipe;;Unknown;
;2009-04-08;http://www.101cookbooks.com/mt-static/images/food/carrot_soup_recipe.jpg;http://www.101cookbooks.com/archives/carrot-soup-recipe.html;1 1/4 pounds carrots 1 tablespoon extra-virgin olive oil (or clarified butter) 2 medium cloves garlic, minced 1 large yellow onion, chopped 3 cups+ vegetable stock or water juice of 1/2 a lemon fine grain sea salt (as much as you need) - olive oil, toasted sesame oil, or red chile oil for a finishing drizzle - if you use toasted sesame oil (sometimes labeled pure sesame oil) it is very strong. I typically dilute it with olive oil. I use one part sesame oil to four parts olive oil.;A simple, weeknight carrot soup recipe finished with a thread of toasted sesame oil. You can leave it slightly chunky, or puree it until smooth - whatever your preference.;Serves about 4.;Carrot Soup Recipe;;Unknown;
;2009-04-22;http://www.101cookbooks.com/mt-static/images/food/fresh_pea_salad_recipe.jpg;http://www.101cookbooks.com/archives/fresh-pea-salad--recipe.html;1 cup fresh mint leaves 2 dried dates, pitted 1/2 of a small serrano chile, stem removed a squeeze of fresh lemon juice and zest from that lemon 1 1/2 cups fresh peas 1 small head of romaine lettuce, cut into shreds 1/2 cup toasted pumpkin seeds fine grain sea salt;A pea salad jazzed up with spicy mint-date dressing and tossed with shredded romaine and toasted pumpkin seeds for crunch and texture. A tasty, off-beat, almost burner-free recipe.;Serves 2 - 4.;Fresh Pea Salad Recipe;;Unknown;
PT15M;2010-08-24;http://www.101cookbooks.com/mt-static/images/food/green_curry_broth_recipe.jpg;http://www.101cookbooks.com/archives/green-curry-broth-recipe.html;1 tablespoon coriander seeds 1 1/2 teaspoon whole cumin seeds 2 tablespoons coconut oil, clarified butter, or olive oil 4 shallots, thinly sliced 4 medium garlic cloves, finely chopped 4 small serrano chile peppers, thinly sliced (see head notes) 3 lemongrass stalks, minced (see head notes!) a 1 1/2-inch piece of ginger, peeled then grated 8 green onions, trimmed, thinly sliced 1/8 teaspoon turmeric powder 1/4 cup / 60 ml freshly squeezed lime juice &amp, a bit of zest 6 - 7 cups / 1.5 liters / 1.5 quarts good-tasting vegetable broth 12 ounces / 340 g tofu, cut into tiny cubes  OR  6 oz tofu cubes + 6 oz yuba skins, cut into thin strips kernels from 2 ears of corn 4 handfuls of torn spinach, stems trimmed a small handful of each of the following: fresh mint, fresh cilantro, fresh basil, all chopped just before serving and combined in a small bowl;A beautiful, thin green curry broth, fragrant with garlic, lemongrass, and ginger. It gets heat from serrano chiles, and zings of tanginess from fresh lime juice. Cumin and coriander seeds keep things grounded, and a flurry of freshly chopped herbs make the sky open up.;Serves 4.;Green Curry Broth;PT20M;Medium;
PT5M;2010-09-08;http://www.101cookbooks.com/mt-static/images/food/pickled_zucchini_recipe.jpg;http://www.101cookbooks.com/archives/quick-pickled-zucchini-recipe.html;3 medium zucchini (1 pound / 16 oz / 450 g), thinly sliced  1 medium white onion, thinly sliced  3 shallots, thinly sliced  1 1/2 tablespoons fine grain sea salt  1/4 cup (small handful) fresh dill sprigs 1 small fresh red chile pepper, very thinly sliced 1/2 tablespoon yellow mustard seeds  3/4 cup / 180 ml cider vinegar  3/4 cup / 180 ml white wine vinegar  1/3 cup / 1.75 oz / 50g natural cane sugar;I've been making these coin-shaped zucchini pickles all summer. They're quick to make, great to have on hand, and I don't bother canning them. Delicious on crusty, goat-cheese slathered grilled bread (or just about anything cheesy or crunchy) and simple salads.;Makes one large jar.;Zucchini Pickles;PT120M;Hard;
PT15M;2010-11-10;http://www.101cookbooks.com/mt-static/images/food/spicy_cauliflower_recipe.jpg;http://www.101cookbooks.com/archives/spicy-cauliflower-with-sesame-recipe.html;1 1/2 tablespoons extra-virgin olive oil or clarified butter 1 teaspoon cumin seeds 2 medium yellow onions, finely sliced a pinch of turmeric fine grain sea salt 1 medium / 12 oz cauliflower, thinly sliced  4 dried red chiles, stemmed and halved 1-2 teaspoon sesame seeds, lightly toasted 1 garlic clove, grated 4 cm / 1 1/2-inch piece of fresh ginger, peeled and finely grated 1-2 green jalapeno chiles, seeds removed, finely chopped 2-3 tablespoons chopped fresh cilantro / coriander;Cauliflower tastes great like this. Imagine a skillet of caramelized onions cooked down with fragrant cumin, ginger, garlic, sesame seeds and chiles. Add cauliflower and cook until tender. Vibrant, spicy, sweet earthiness, all on one plate.;;Spiced Cauliflower with Sesame Seeds;PT20M;Medium;
PT10M;2011-05-31;http://www.101cookbooks.com/mt-static/images/food/pea_soup_recipe.jpg;http://www.101cookbooks.com/archives/green-pea-soup-recipe.html;3 tablespoons fresh ginger, well chopped 10 sm-med cloves garlic, smashed and peeled 2 serrano chiles, stemmed and chopped 1/4 teaspoon ground cumin, plus more to serve 3 tablespoons ghee or sunflower oil 2 bay leaves 1 medium onion, chopped 4 1/2 cups good-tasting vegetable stock or water 3 1/2 cups / 500 g / 18 oz shelled fresh or frozen peas 1 teaspoon sea salt, or to taste a squeeze of fresh lemon juice 8 fresh mint leaves, slivered pan-fried paneed, queso fresco, or haloumi, cut into tiny cubes - optional;A simple Indian-spiced green pea soup, and a few snapshots of things I'm bringing with me in a move up the street.;Serves 4 - 6.;Green Pea Soup Recipe;PT7M;Easy;
;2012-04-27;http://www.101cookbooks.com/mt-static/images/food/spicy_lemon_coconut_sauce.jpg;http://www.101cookbooks.com/archives/spicy-lemon-coconut-sauce-recipe.html;1 clove garlic, peeled 1 medium jalapeno (or serrano) chile, deseeded and chopped 1/2 teaspoon fine grain sea salt, plus more to taste 1 tablespoons sunflower oil 1 small bunch of scallions, thinly sliced (~8 scallions) 1/2 cup finely chopped cilantro 1 14-ounce can of coconut milk (full fat) 3 tablespoons freshly squeezed lemon juice, plus more to taste;A spicy lemon coconut sauce that is good on just about everything - noodles, frittatas, soups. Keep a jar in the refrigerator, and you can use it to make things a little special throughout the week.;Makes about 2 1/2 cups.;Spicy Lemon Coconut Sauce;PT5M;Easy;
PT10M;2012-08-19;http://www.101cookbooks.com/mt-static/images/food/yellow_bean_salad_recipe.jpg;http://www.101cookbooks.com/archives/yellow-bean-salad-recipe.html;1 pound / 16 oz yellow runner beans 1 serrano chile, stemmed and seeded 5 green onions, green parts trimmed &amp, reserved a big handful of cilantro 1 clove garlic, peeled and smashed 3/4 teaspoon fine grain sea salt 1 tablespoon sunflower oil 1 cup coconut milk, well mixed 1- 2 tablespoons freshly squeezed lemon juice, or to taste 2 big handfuls / 1/2 cup toasted pepitas 1 1/2 cups tiny pan-fried tofu cubes, optional basil flower garnish, optional;A summer yellow bean salad with a green chile-spiked, cilantro-flecked, and coconut milk dressing, toasted pepitas, and (if you want to make a meal of it) pan-fried tofu.;;Yellow Bean Salad;PT10M;Easy;
PT40M;2011-01-01;http://www.101cookbooks.com/mt-static/images/food/newyear_noodle_soup_recipe_xl.jpg;http://www.101cookbooks.com/archives/new-year-noodle-soup-recipe.html;2 tablespoons olive oil 1 onion, thinly sliced 1 long red chili OR green serrano, finely chopped 1/2 teaspoon ground turmeric 1 teaspoon ground cumin 1/4 teaspoon freshly ground black pepper 8 1/2 cups / 2 liters good-tasting vegetable stock/broth 100g / 3.5 oz yellow split peas or brown lentils 1 1/2 cups cooked chickpeas, rinsed if using canned 2 cups / 350g cooked borlotti beans fine grain sea salt 120 g thin egg noodles, fresh or dried 3 1/2 oz / 100g fresh spinach leaves, finely shredded 1/2 cup finely shredded cilantro leaves 2 tablespoons chopped fresh dill juice of one lime Toppings: 1 tablespoon olive oil 1 tablespoon unsalted butter 1 large onion, thinly sliced 100 ml sour cream or creme fraiche 50g / scant 2 ounces of toasted, chopped walnuts;An amazing New Year Noodle Soup from Greg &amp, Lucy Malouf's beautiful book, Saraban. It's a bean and noodle soup at its core featuring thin egg noodles swimming in a fragrant broth spiced with turmeric, cumin, chiles, and black pepper. You use a medley of lentils, chickpeas, and borlotti beans which makes the soup heart and filling without being heavy. You add spinach, dill, and cilantro. You add lime juice for a bit of sour at the end. And then you've got a number of toppings to add when you serve the soup - chopped walnuts, caramelized onions, and sour cream. Amazing.;;New Year Noodle Soup;PT20M;Medium;
PT15M;2012-02-22;http://www.101cookbooks.com/mt-static/images/food/moroccan_vegetables.jpg;http://www.101cookbooks.com/archives/moroccan-mint-roasted-vegetables-recipe.html;1 lb / 16 oz / 450 g mix of potatoes, cauliflower, and a few radishes (save the tops) 1 1/2 teaspoons dried mint 1/2 teaspoon red chile pepper flakes 1/2 teaspoon cumin seeds 1/2 teaspoon fine grain sea salt 1 teaspoon ground cumin 1/2 teaspoon cinnamon 1 teaspoon ground ginger 4 tablespoons extra virgin olive oil a squeeze of fresh lemon juice toppings: fresh mint, toasted sesame and/or pumpkin seeds, plain yogurt (seasoned with a bit of salt);A few snapshots from my week in Marrakesh, Morocco + the recipe for a platter of roasted vegetables spiced with dried mint, cumin, ginger, cinnamon, and a kiss of chile. So good with a dollop of salted yogurt and a sprinkle of toasted sesame seeds.;Serves 4.;Moroccan Mint Roasted Vegetables;PT5M;Easy;
PT25M;2012-03-06;http://www.101cookbooks.com/mt-static/images/food/brothy_tomato_soup_recipe.jpg;http://www.101cookbooks.com/archives/a-simple-tomato-soup-recipe.html;4 tablespoons unsalted butter, olive oil, or coconut oil 2 medium yellow onions, thinly sliced 1 teaspoon fine grain sea salt, plus more to taste 3 teaspoons curry powder 1 teaspoon ground coriander 1 teaspoon ground cumin 1/2 teaspoon chile flakes 2 (28-ounce) cans whole tomatoes (pref. fire-roasted) 1 14-ounce can coconut milk to serve: any of the following that sound good to you - cooked brown rice, lemon wedges, toasted almond slices, pan-fried paneer, fresh thyme or oregano, oregano drizzle, a poached egg;A simple tomato soup recipe inspired by a Melissa Clark recipe - pureed, warmly spiced, and perfect topped with everything from toasted almonds and herbs, to coconut cream or a poached egg.;;A Simple Tomato Soup;PT5M;Easy;
PT10M;2012-04-05;http://www.101cookbooks.com/mt-static/images/food/broccolini_salad_recipe.jpg;http://www.101cookbooks.com/archives/broccolini-salad-recipe.html;1 lb / 16 oz / 450 g  baby broccoli / broccolini, trimmed, and each stalk halved if you like 3 bunches scallions, trimmed and thinly sliced 1 small serrano chile pepper, deveined, seeded and minced (opt) 1/2 cup / 120 ml extra virgin olive oil fine grain sea salt 3 big handfuls of big, rustic croutons a squeeze of fresh lemon juice. 1 cup / 4 oz / 115 g sliced almonds, toasted 4 - 6 oz fresh mozzarella cheese, torn into big chunks;Big bowl of green - broccolini tossed with big croutons, tons of scallion slices, mozzarella, toasted almonds, and a hit of serrano pepper.;Serves 4 - 6.;Broccolini Salad;PT10M;Easy;
PT25M;2012-10-27;http://www.101cookbooks.com/mt-static/images/food/pumpkin_rice_soup.jpg;http://www.101cookbooks.com/archives/pumpkin-and-rice-soup-recipe.html;2 tablespoons unsalted butter 1 medium onion, chopped 1 large shallot, chopped 1/2 serrano chile, seeds and all, chopped fine grain sea salt 1 1/2 pounds pumpkin/squash flesh, seeded, peeled, and cut into 3/4-inch chunks 1 teaspoon fresh ginger juice, pressed from grated ginger cooked brown rice, warm other toppings: plain yogurt, toasted pepitas, lemon ginger rosemary butter* (and pulp);The pumpkin soup I made as soon as I got home from India - with an herby butter drizzle and lemon ginger pulp. And some pictures of a photo session on the street in Jaipur.;Serves 4-6.;Pumpkin and Rice Soup;PT10M;Medium;
PT70M;2013-01-01;http://www.101cookbooks.com/mt-static/images/food/posole_in_broth_recipe.jpg;http://www.101cookbooks.com/archives/posole-in-broth-recipe.html;1 lb / 2 1/2 cups dried posole / hominy 1 medium white or yellow onion 5 cups great-tasting broth (see head note) 1 serrano chile, seeded and minced 2 cups / 12 ounces cooked mung beans, optional** 1 bunch of scallions, trimmed and shredded To serve: chopped olives, sliced avocado, sprouts or micro greens, toasted sliced almonds, and/or a drizzle of olive or lemon oil.;Posole for the new year - it has a vegetable broth base, lots of blossoming corn kernels, avocado and mung beans. Topped with chopped olives and toasted almonds it's A+...;Serves 6-8.;Posole in Broth;PT10M;Hard;
;2005-06-29;http://www.101cookbooks.com/mt-static/images/food/broiledfruit.jpg;http://www.101cookbooks.com/archives/000178.html;3 to 4 cups of seasonal stone fruit - I like to use cherries early in the summer, and move onto peaches, nectarines, plums, and berries as the season progresses. You can use a single type of fruit or play around with different combinations Try punctuating peaches with a sprinkling of raspberries and a splash of creme de framboise. You will need to pit your fruit, and peel it in the case of fuzzy peaches or apricots. Cut the fruit into bite-sized pieces. 1 cup organic heavy whipping cream, well chilled 2 egg yolks 3 T. maple sugar A splash of fruit liqueur (for example: if I am using peachs, I add peach brandy) Preheat the oven to 400˚F.;A great way to use up stone fruits. Simple, fast, and decadent using just five ingredients - cream, egg yolks, maple sugar, seasonal stone fruit, and a splash of liquer.;Makes 6 individual servings, or a dozen or so mini servings.;Broiled Stone Fruit with Sweet Cream ;;Unknown;
;2005-12-11;http://www.101cookbooks.com/mt-static/images/food/peppermintsemifreddorecipe.jpg;http://www.101cookbooks.com/archives/000902.html;1/2 cup peppermint candies (divided), I like the vintage looking ones, and buy the ones made with natural dyes when I can find them. 1 1/2 cups heavy cream, chilled 3 large organic eggs, separated 1/2 cup granulated sugar (divided) 1/3 cup peppermint liquor;Served in shot glasses this peppermint semifreddo recipe makes a fluffy, dreamy, cloud-like, winter wonderland dessert.;;Peppermint Semifreddo;;Unknown;
;2006-03-18;http://www.101cookbooks.com/mt-static/images/food/brazilnutbuttercups1.jpg;http://www.101cookbooks.com/archives/001371.html;1 1/2 cups Brazil nuts, loosely chopped 1 teaspoon macadamia nut oil (optional) 2/3 cup organic powdered sugar (I use Wholesome Sweeteners brand) ~1/2 teaspoon finely ground sea salt a couple pinches of chile powder (opt) 1 9.7-ounce bar of Scharffen Berger bittersweet chocolate, finely chopped Special equipment: chocolate molds, piping bag.;A twist on the traditional peanut butter cup. It uses all-natural ingredients and instead of peanut butterthe chocolate shell envelopes Brazil nut butter.;;Brazil Nut Butter Cups Recipe;;Unknown;
;2007-05-18;http://www.101cookbooks.com/mt-static/images/food/bakedeggrecipe_07.jpg;http://www.101cookbooks.com/archives/baked-eggs-recipe.html;2-3 tablespoons extra virgin olive oil 3 big pinches ground cumin 2 big pinches chili flakes 2 big pinches smoked paprika 2 big pinches fine sea salt 1 cup spring (or regular) onion, chopped 1 clove garlic, chopped 1 cup cherry tomatoes, halved or quartered 2 pieces of pita bread, cut into quarters 6 large organic eggs Garnish: finely chopped tomatoes, chile flakes, cilantro (optional) Special equipment: standard 12 muffin tin;Baked eggs in edible cups with cherry tomatoes, garlic, olive oil and  lots of vibrant spices.;Makes six egg cups.;Baked Egg Recipe;;Unknown;
;2006-01-30;http://www.101cookbooks.com/mt-static/images/food/best_pizza_dough_recipe.jpg;http://www.101cookbooks.com/archives/001199.html;4 1/2 cups (20.25 ounces)  unbleached high-gluten, bread, or all-purpose flour, chilled  1 3/4 (.44 ounce) teaspoons salt 1 teaspoon (.11 ounce) instant yeast  1/4 cup (2 ounces) olive oil (optional) 1 3/4 cups  (14 ounces)  water, ice cold (40°F)  Semolina flour OR cornmeal for dusting ;Peter Reinhart's Napoletana pizza dough recipe. It makes my all-time favorite pizza dough using a delayed-fermentation method. ;Makes six 6-ounce pizza crusts.;Peter Reinhart's Napoletana Pizza Dough Recipe;;Unknown;
;2007-12-20;http://www.101cookbooks.com/mt-static/images/food/frittatarecipe_07.jpg;http://www.101cookbooks.com/archives/a-tasty-frittata-recipe.html;Cilantro Chile Sauce 2 large cloves garlic 1/2 cup extra virgin olive oil 2 tablespoons lemon juice, freshly squeezed 1 small bunch cilantro 1 green (serrano) chile, seeds removed 2 pinches ground cumin  a couple big pinches of salt  Frittata 6 large organic eggs 1 tablespoon olive oil 1 small yellow onion, chopped 3 small potatoes, very very thinly sliced 1/2 cup yellow zucchini or cauliflower,1/2-inch pieces 1/4 cup goat cheese, crumbled 1/4 cup pumpkin seeds, toasted  couple pinches of salt;The prettiest, tastiest, frittata recipe. Made with potatoes, onions, and eggs drizzled with a cilantro chile sauce. ;Serves 2 to 4.;A Tasty Frittata Recipe;;Unknown;
;2006-01-03;http://www.101cookbooks.com/mt-static/images/food/jam_tarts_recipe1.jpg;http://www.101cookbooks.com/archives/001054.html;1 cup finely-ground cornmeal 1 cup whole wheat pastry flour 2 cups all-purpose flour 1 1/2 teaspoons finely ground sea salt 2 tablespoons baking powder 3 tablespoons sugar 1 cup unsalted butter, chilled, and cut into 1/4-inch chunks 1 1/2+ cups milk 1 egg, just the egg white 1/3 cup jam (any flavor(s) you like);This jam tart recipe makes the cutest tarts ever.  Cornmeal biscuit dough is the base, and you can play around with different shapes and sizes - they are delicious and buttery straight from the oven or at room temperature hours later. ;Makes about 1 - 2 dozen tarts, depending on the size of your cutters.;Vintage Jam Tarts Recipe;;Unknown;
;2007-12-28;http://www.101cookbooks.com/mt-static/images/food/sconesrecipe_07.jpg;http://www.101cookbooks.com/archives/raspberry-mega-scones-recipe.html;4 cups whole wheat pastry flour (or unbleached all-purpose flour) 3 tablespoons aluminum-free baking powder 1 teaspoon fine-grain sea salt 1 stick unsalted butter (4 oz), chilled and cut into 1/4-inch cubes 3/4 cup fine grain natural cane sugar or granulated sugar 1 1/4 cups half-and-half ( or you can also use heavy cream or whole milk) 1 teaspoon vanilla extract zest of one lemon 2/3 cups raspberry preserves Glaze: 1/2 cup powdered sugar 1 tablespoon lemon juice zest of one lemon;A fun twist on a traditional scone recipe. Instead of cutting dough into small pieces, a big piece of lemony scone dough is slathered with raspberry jam and folded in on itself.;Makes two mega scones.;Raspberry Mega Scones Recipe;;Unknown;
PT15M;2012-11-13;http://www.101cookbooks.com/mt-static/images/food/ricotta_scone_recipe.jpg;http://www.101cookbooks.com/archives/whole-wheat-blackberry-ricotta-scones-recipe.html;1 cup (120 grams) whole-wheat flour 1 cup (125 grams) all-purpose flour 1 tablespoon (15 grams) baking powder, preferably aluminum-free 1/4 cup (50 grams) sugar 1/2 teaspoon fine grain sea salt 6 tablespoons (3 ounces or 85 grams) unsalted butter, chilled 1 cup (4 3/4 ounces or 135 grams) fresh blackberries 3/4 cup (190 grams) whole-milk ricotta 1/3 cup (80 ml) heavy cream;Whole Wheat Raspberry Ricotta Scones - golden-crusted, tender, moist, barely sweet, and streaked with violet swaths and chunks of blackberry. They're beautiful.;Makes six extra-large scones.;Whole Wheat Blackberry Ricotta Scones;PT5M;Easy;
;2005-08-05;http://www.101cookbooks.com/mt-static/images/food/heirloomtart.jpg;http://www.101cookbooks.com/archives/000283.html;6 perfect, colorful, medium-sized heirloom tomatoes - washed and sliced 1/6-inch thick 1 t. fine-grain sea salt 1/2 cup unbleached all-purpose flour 1/2 cup whole wheat flour 1/2 cup unsalted organic butter, well chilled + cut into 1/4-inch cubes 4-ounce chunk of good fresh Parmesan, microplane-grated (you should end up with about 2 cups loosely packed grated cheese. Save any leftover grated cheese for sprinkling on the crusts when they come out of the oven. 2 T. ice cold water 2T. best quality extra virgin olive oil 1/4 cup slivered basil Special equipment: tart pan(s),  pie weights, paper towels;A knock-out tomato tart recipe - it highlights the flavor and vibrancy of the tomatoes while remaining mush-free.;;Heirloom Tomato Tart in a Parmesan Crust;;Unknown;
;2005-12-30;http://www.101cookbooks.com/mt-static/images/food/candiedwalnutrecipe.jpg;http://www.101cookbooks.com/archives/001033.html;Peanut or canola oil for deep-frying (hs note: has anyone seen an organic peanut oil out there?) Finely ground sea salt, preferably gray salt  Freshly ground black pepper  1/2 teaspoon ground cinnamon  1/2 teaspoon cayenne pepper  4 cups walnut halves  1 cup confectioners' sugar, sifted 2 cans (15 1/2 ounces each) chickpeas (garbanzo beans)  3/4 cup buttermilk 3/4 cup olive oil 1 1/2 cups 1Arborio Rice Coating (below) 1/4 cup thinly sliced garlic  15 fresh sage leaves 2 teaspoons thin serrano chili slices (optional)  Finely ground sea salt, preferably gray salt  Zest of 1 lemon, cut into julienne  Freshly ground black pepper 1 cup Arborio rice  3 cups unbleached all-purpose flour  1 cup semolina flour  2 tablespoons finely ground sea salt, preferably gray salt  1 teaspoon freshly ground black pepper ;This candied walnut recipe was is the perfect solution to a New Years Eve hors d'oeuvres dilemma. Made with walnuts, sea salt, black pepper, cinnamon, cayenne pepper, and powdered sugar.;Makes 4 cups.Makes about 5 cups.;Spiced Candied Walnuts Recipe;;Unknown;
;2009-04-29;http://www.101cookbooks.com/mt-static/images/food/pea_puff_recipe.jpg;http://www.101cookbooks.com/archives/monica-bhides-chile-pea-puffs-recipe.html;nonstick cooking spray (HS note: or a bit of olive oil) 1 cup cooked green peas, lightly mashed 1/4 cup crumbled paneer 2 small green serrano chiles, minced (remove seeds to reduce heat) 1/4 teaspoon salt to start 1/4 teaspoon red chile powder or red chile flakes (less to reduce heat) 1/2 teaspoon minced garlic 32 wonton wrappers 1 egg white, lightly beaten;Monica Bhide's Chile Pea Puff recipe - crispy-skinned baked snacks stuffed with peas, paneer cheese, chiles, and garlic. From her new cookbook - Modern Spice: Inspired Indian Flavors for the Contemporary Kitchen.;Makes 32 puffs.;Monica Bhide's Chile Pea Puffs;;Unknown;
PT10M;2011-10-05;http://www.101cookbooks.com/mt-static/images/food/potsticker_recipe.jpg;http://www.101cookbooks.com/archives/golden-potstickers-recipe.html;1/2 cup sunflower oil 8 green onions / scallions, white and green parts, thinly sliced 1 small serrano chiles, thinly sliced, or to taste 1 1/2 tablespoons sugar 1/4 cup / 60 ml soy sauce  1/4 cup / 60 ml water 4 tablespoons sunflower oil, plus more for pan-frying 1/2 cup chopped shallots (4 medium) 1/2 teaspoon fine grain sea salt, or to taste 2 cups / 11 oz / 310 g cooked yellow split peas, ideally at room temperature, then process in a food processor until uniform and fluffy 1 package round potsticker wrappers;Potstickers - For my flight to London,  I made the filling with lots of caramelized shallots &amp, pureed yellow split peas then pan-fried them until the bottoms were crisp and golden. They freeze like beautifully, perfect for quick dumpling-centric meals later on.;Makes a big platter of dumplings.;Golden Potstickers;PT60M;Hard;
